mean_fit_time,std_fit_time,mean_score_time,std_score_time,param_model__subsample,param_model__scale_pos_weight,param_model__n_estimators,param_model__min_child_samples,param_model__max_depth,param_model__learning_rate,param_model__gamma,param_model__eval_metric,param_model__colsample_bytree,param_model,param_model__min_samples_leaf,param_model__class_weight,param_model__l2_leaf_reg,param_model__depth,param_model__border_count,param_model__auto_class_weights,params,split0_test_score,split1_test_score,split2_test_score,split3_test_score,split4_test_score,mean_test_score,std_test_score,rank_test_score
0.9058717727661133,0.032310822915933395,0.046826410293579104,0.0028185780668243034,0.8,1.0,100,1.0,6.0,0.05,0.0,logloss,0.8,"XGBClassifier(base_score=None, booster=None, callbacks=None,
              colsample_bylevel=None, colsample_bynode=None,
              colsample_bytree=None, device=None, early_stopping_rounds=None,
              enable_categorical=False, eval_metric=None, feature_types=None,
              feature_weights=None, force_col_wise=True, gamma=None,
              grow_policy=None, importance_type=None,
              interaction_constraints=None, learning_rate=None, max_bin=None,
              max_cat_threshold=None, max_cat_to_onehot=None,
              max_delta_step=None, max_depth=None, max_leaves=None,
              min_child_weight=None, missing=nan, monotone_constraints=None,
              multi_strategy=None, n_estimators=None, n_jobs=1, ...)",,,,,,,"{'model__subsample': 0.8, 'model__scale_pos_weight': 1, 'model__n_estimators': 100, 'model__min_child_samples': 1, 'model__max_depth': 6, 'model__learning_rate': 0.05, 'model__gamma': 0, 'model__eval_metric': 'logloss', 'model__colsample_bytree': 0.8, 'model': XGBClassifier(base_score=None, booster=None, callbacks=None,
              colsample_bylevel=None, colsample_bynode=None,
              colsample_bytree=None, device=None, early_stopping_rounds=None,
              enable_categorical=False, eval_metric=None, feature_types=None,
              feature_weights=None, force_col_wise=True, gamma=None,
              grow_policy=None, importance_type=None,
              interaction_constraints=None, learning_rate=None, max_bin=None,
              max_cat_threshold=None, max_cat_to_onehot=None,
              max_delta_step=None, max_depth=None, max_leaves=None,
              min_child_weight=None, missing=nan, monotone_constraints=None,
              multi_strategy=None, n_estimators=None, n_jobs=1, ...)}",0.6153846153846154,0.6305609284332688,0.5636007827788649,0.6023622047244095,0.5905511811023622,0.6004919424847042,0.022756141607163532,31
0.5816596508026123,0.009265864132883342,0.04447970390319824,0.004623909089972294,0.8,3.0,200,1.0,3.0,0.05,0.1,logloss,0.8,"XGBClassifier(base_score=None, booster=None, callbacks=None,
              colsample_bylevel=None, colsample_bynode=None,
              colsample_bytree=None, device=None, early_stopping_rounds=None,
              enable_categorical=False, eval_metric=None, feature_types=None,
              feature_weights=None, force_col_wise=True, gamma=None,
              grow_policy=None, importance_type=None,
              interaction_constraints=None, learning_rate=None, max_bin=None,
              max_cat_threshold=None, max_cat_to_onehot=None,
              max_delta_step=None, max_depth=None, max_leaves=None,
              min_child_weight=None, missing=nan, monotone_constraints=None,
              multi_strategy=None, n_estimators=None, n_jobs=1, ...)",,,,,,,"{'model__subsample': 0.8, 'model__scale_pos_weight': 3, 'model__n_estimators': 200, 'model__min_child_samples': 1, 'model__max_depth': 3, 'model__learning_rate': 0.05, 'model__gamma': 0.1, 'model__eval_metric': 'logloss', 'model__colsample_bytree': 0.8, 'model': XGBClassifier(base_score=None, booster=None, callbacks=None,
              colsample_bylevel=None, colsample_bynode=None,
              colsample_bytree=None, device=None, early_stopping_rounds=None,
              enable_categorical=False, eval_metric=None, feature_types=None,
              feature_weights=None, force_col_wise=True, gamma=None,
              grow_policy=None, importance_type=None,
              interaction_constraints=None, learning_rate=None, max_bin=None,
              max_cat_threshold=None, max_cat_to_onehot=None,
              max_delta_step=None, max_depth=None, max_leaves=None,
              min_child_weight=None, missing=nan, monotone_constraints=None,
              multi_strategy=None, n_estimators=None, n_jobs=1, ...)}",0.6591549295774648,0.6601941747572816,0.6338028169014085,0.6327372764786795,0.6458036984352774,0.6463385792300225,0.011820856439371577,8
0.5928277015686035,0.046891863702873654,0.05750384330749512,0.033168978139642605,0.8,3.0,100,5.0,3.0,0.05,0.1,logloss,0.8,"XGBClassifier(base_score=None, booster=None, callbacks=None,
              colsample_bylevel=None, colsample_bynode=None,
              colsample_bytree=None, device=None, early_stopping_rounds=None,
              enable_categorical=False, eval_metric=None, feature_types=None,
              feature_weights=None, force_col_wise=True, gamma=None,
              grow_policy=None, importance_type=None,
              interaction_constraints=None, learning_rate=None, max_bin=None,
              max_cat_threshold=None, max_cat_to_onehot=None,
              max_delta_step=None, max_depth=None, max_leaves=None,
              min_child_weight=None, missing=nan, monotone_constraints=None,
              multi_strategy=None, n_estimators=None, n_jobs=1, ...)",,,,,,,"{'model__subsample': 0.8, 'model__scale_pos_weight': 3, 'model__n_estimators': 100, 'model__min_child_samples': 5, 'model__max_depth': 3, 'model__learning_rate': 0.05, 'model__gamma': 0.1, 'model__eval_metric': 'logloss', 'model__colsample_bytree': 0.8, 'model': XGBClassifier(base_score=None, booster=None, callbacks=None,
              colsample_bylevel=None, colsample_bynode=None,
              colsample_bytree=None, device=None, early_stopping_rounds=None,
              enable_categorical=False, eval_metric=None, feature_types=None,
              feature_weights=None, force_col_wise=True, gamma=None,
              grow_policy=None, importance_type=None,
              interaction_constraints=None, learning_rate=None, max_bin=None,
              max_cat_threshold=None, max_cat_to_onehot=None,
              max_delta_step=None, max_depth=None, max_leaves=None,
              min_child_weight=None, missing=nan, monotone_constraints=None,
              multi_strategy=None, n_estimators=None, n_jobs=1, ...)}",0.6573816155988857,0.6574585635359116,0.6276150627615062,0.640218878248974,0.6397774687065368,0.6444903177703629,0.011485567739006894,10
1.527618980407715,0.1534925127648047,0.054409456253051755,0.008516327492986461,0.8,3.0,200,5.0,6.0,0.05,1.0,logloss,0.8,"XGBClassifier(base_score=None, booster=None, callbacks=None,
              colsample_bylevel=None, colsample_bynode=None,
              colsample_bytree=None, device=None, early_stopping_rounds=None,
              enable_categorical=False, eval_metric=None, feature_types=None,
              feature_weights=None, force_col_wise=True, gamma=None,
              grow_policy=None, importance_type=None,
              interaction_constraints=None, learning_rate=None, max_bin=None,
              max_cat_threshold=None, max_cat_to_onehot=None,
              max_delta_step=None, max_depth=None, max_leaves=None,
              min_child_weight=None, missing=nan, monotone_constraints=None,
              multi_strategy=None, n_estimators=None, n_jobs=1, ...)",,,,,,,"{'model__subsample': 0.8, 'model__scale_pos_weight': 3, 'model__n_estimators': 200, 'model__min_child_samples': 5, 'model__max_depth': 6, 'model__learning_rate': 0.05, 'model__gamma': 1, 'model__eval_metric': 'logloss', 'model__colsample_bytree': 0.8, 'model': XGBClassifier(base_score=None, booster=None, callbacks=None,
              colsample_bylevel=None, colsample_bynode=None,
              colsample_bytree=None, device=None, early_stopping_rounds=None,
              enable_categorical=False, eval_metric=None, feature_types=None,
              feature_weights=None, force_col_wise=True, gamma=None,
              grow_policy=None, importance_type=None,
              interaction_constraints=None, learning_rate=None, max_bin=None,
              max_cat_threshold=None, max_cat_to_onehot=None,
              max_delta_step=None, max_depth=None, max_leaves=None,
              min_child_weight=None, missing=nan, monotone_constraints=None,
              multi_strategy=None, n_estimators=None, n_jobs=1, ...)}",0.6513761467889908,0.662613981762918,0.6288343558282209,0.6109422492401215,0.6365054602184087,0.638054438767732,0.01790597186234167,18
3.0554957389831543,0.03204289658551619,0.0948270320892334,0.00861526182332,,,250,,10.0,,,,,"RandomForestClassifier(n_jobs=1, random_state=42, verbose=1)",1.0,balanced_subsample,,,,,"{'model__n_estimators': 250, 'model__min_samples_leaf': 1, 'model__max_depth': 10, 'model__class_weight': 'balanced_subsample', 'model': RandomForestClassifier(n_jobs=1, random_state=42, verbose=1)}",0.6575342465753424,0.6590257879656161,0.6329479768786127,0.6347826086956522,0.6336336336336337,0.6435848507497715,0.012022125095214,14
1.3834144115447997,0.05454370060987696,0.045047760009765625,0.001602816927684244,0.8,1.0,200,5.0,6.0,0.1,0.0,logloss,0.8,"XGBClassifier(base_score=None, booster=None, callbacks=None,
              colsample_bylevel=None, colsample_bynode=None,
              colsample_bytree=None, device=None, early_stopping_rounds=None,
              enable_categorical=False, eval_metric=None, feature_types=None,
              feature_weights=None, force_col_wise=True, gamma=None,
              grow_policy=None, importance_type=None,
              interaction_constraints=None, learning_rate=None, max_bin=None,
              max_cat_threshold=None, max_cat_to_onehot=None,
              max_delta_step=None, max_depth=None, max_leaves=None,
              min_child_weight=None, missing=nan, monotone_constraints=None,
              multi_strategy=None, n_estimators=None, n_jobs=1, ...)",,,,,,,"{'model__subsample': 0.8, 'model__scale_pos_weight': 1, 'model__n_estimators': 200, 'model__min_child_samples': 5, 'model__max_depth': 6, 'model__learning_rate': 0.1, 'model__gamma': 0, 'model__eval_metric': 'logloss', 'model__colsample_bytree': 0.8, 'model': XGBClassifier(base_score=None, booster=None, callbacks=None,
              colsample_bylevel=None, colsample_bynode=None,
              colsample_bytree=None, device=None, early_stopping_rounds=None,
              enable_categorical=False, eval_metric=None, feature_types=None,
              feature_weights=None, force_col_wise=True, gamma=None,
              grow_policy=None, importance_type=None,
              interaction_constraints=None, learning_rate=None, max_bin=None,
              max_cat_threshold=None, max_cat_to_onehot=None,
              max_delta_step=None, max_depth=None, max_leaves=None,
              min_child_weight=None, missing=nan, monotone_constraints=None,
              multi_strategy=None, n_estimators=None, n_jobs=1, ...)}",0.5691382765531062,0.6105675146771037,0.5472061657032755,0.5604606525911708,0.5953307392996109,0.5765406697648535,0.023172260976906552,39
0.33061795234680175,0.012996495068334328,0.04037408828735352,0.003410417788678909,0.8,1.0,100,5.0,3.0,0.1,0.1,logloss,0.8,"XGBClassifier(base_score=None, booster=None, callbacks=None,
              colsample_bylevel=None, colsample_bynode=None,
              colsample_bytree=None, device=None, early_stopping_rounds=None,
              enable_categorical=False, eval_metric=None, feature_types=None,
              feature_weights=None, force_col_wise=True, gamma=None,
              grow_policy=None, importance_type=None,
              interaction_constraints=None, learning_rate=None, max_bin=None,
              max_cat_threshold=None, max_cat_to_onehot=None,
              max_delta_step=None, max_depth=None, max_leaves=None,
              min_child_weight=None, missing=nan, monotone_constraints=None,
              multi_strategy=None, n_estimators=None, n_jobs=1, ...)",,,,,,,"{'model__subsample': 0.8, 'model__scale_pos_weight': 1, 'model__n_estimators': 100, 'model__min_child_samples': 5, 'model__max_depth': 3, 'model__learning_rate': 0.1, 'model__gamma': 0.1, 'model__eval_metric': 'logloss', 'model__colsample_bytree': 0.8, 'model': XGBClassifier(base_score=None, booster=None, callbacks=None,
              colsample_bylevel=None, colsample_bynode=None,
              colsample_bytree=None, device=None, early_stopping_rounds=None,
              enable_categorical=False, eval_metric=None, feature_types=None,
              feature_weights=None, force_col_wise=True, gamma=None,
              grow_policy=None, importance_type=None,
              interaction_constraints=None, learning_rate=None, max_bin=None,
              max_cat_threshold=None, max_cat_to_onehot=None,
              max_delta_step=None, max_depth=None, max_leaves=None,
              min_child_weight=None, missing=nan, monotone_constraints=None,
              multi_strategy=None, n_estimators=None, n_jobs=1, ...)}",0.6365422396856582,0.6372360844529751,0.5719769673704415,0.5980582524271845,0.6068702290076335,0.6101367545887786,0.02467530379419364,27
18.957952117919923,5.595482091429198,0.054906272888183595,0.0031641024758204124,,,1000,,,0.01,,,,<catboost.core.CatBoostClassifier object at 0x000002377CE78D60>,,,3.0,4.0,128.0,Balanced,"{'model__n_estimators': 1000, 'model__learning_rate': 0.01, 'model__l2_leaf_reg': 3, 'model__depth': 4, 'model__border_count': 128, 'model__auto_class_weights': 'Balanced', 'model': <catboost.core.CatBoostClassifier object at 0x000002377CE78D60>}",0.6724137931034483,0.6657263751763046,0.6354609929078014,0.6338028169014085,0.6416184971098265,0.6498044950397579,0.01608407252394097,3
0.314771032333374,0.02692780265342976,0.04280972480773926,0.015478991518084705,0.8,3.0,100,5.0,3.0,0.1,0.0,logloss,0.8,"XGBClassifier(base_score=None, booster=None, callbacks=None,
              colsample_bylevel=None, colsample_bynode=None,
              colsample_bytree=None, device=None, early_stopping_rounds=None,
              enable_categorical=False, eval_metric=None, feature_types=None,
              feature_weights=None, force_col_wise=True, gamma=None,
              grow_policy=None, importance_type=None,
              interaction_constraints=None, learning_rate=None, max_bin=None,
              max_cat_threshold=None, max_cat_to_onehot=None,
              max_delta_step=None, max_depth=None, max_leaves=None,
              min_child_weight=None, missing=nan, monotone_constraints=None,
              multi_strategy=None, n_estimators=None, n_jobs=1, ...)",,,,,,,"{'model__subsample': 0.8, 'model__scale_pos_weight': 3, 'model__n_estimators': 100, 'model__min_child_samples': 5, 'model__max_depth': 3, 'model__learning_rate': 0.1, 'model__gamma': 0, 'model__eval_metric': 'logloss', 'model__colsample_bytree': 0.8, 'model': XGBClassifier(base_score=None, booster=None, callbacks=None,
              colsample_bylevel=None, colsample_bynode=None,
              colsample_bytree=None, device=None, early_stopping_rounds=None,
              enable_categorical=False, eval_metric=None, feature_types=None,
              feature_weights=None, force_col_wise=True, gamma=None,
              grow_policy=None, importance_type=None,
              interaction_constraints=None, learning_rate=None, max_bin=None,
              max_cat_threshold=None, max_cat_to_onehot=None,
              max_delta_step=None, max_depth=None, max_leaves=None,
              min_child_weight=None, missing=nan, monotone_constraints=None,
              multi_strategy=None, n_estimators=None, n_jobs=1, ...)}",0.6695035460992907,0.6574202496532594,0.628005657708628,0.6422535211267606,0.6390870185449358,0.647253998626575,0.014564326209280996,4
0.8658894538879395,0.1803722758088369,0.040526199340820315,0.0034911737163110523,0.8,3.0,100,5.0,6.0,0.05,0.1,logloss,0.8,"XGBClassifier(base_score=None, booster=None, callbacks=None,
              colsample_bylevel=None, colsample_bynode=None,
              colsample_bytree=None, device=None, early_stopping_rounds=None,
              enable_categorical=False, eval_metric=None, feature_types=None,
              feature_weights=None, force_col_wise=True, gamma=None,
              grow_policy=None, importance_type=None,
              interaction_constraints=None, learning_rate=None, max_bin=None,
              max_cat_threshold=None, max_cat_to_onehot=None,
              max_delta_step=None, max_depth=None, max_leaves=None,
              min_child_weight=None, missing=nan, monotone_constraints=None,
              multi_strategy=None, n_estimators=None, n_jobs=1, ...)",,,,,,,"{'model__subsample': 0.8, 'model__scale_pos_weight': 3, 'model__n_estimators': 100, 'model__min_child_samples': 5, 'model__max_depth': 6, 'model__learning_rate': 0.05, 'model__gamma': 0.1, 'model__eval_metric': 'logloss', 'model__colsample_bytree': 0.8, 'model': XGBClassifier(base_score=None, booster=None, callbacks=None,
              colsample_bylevel=None, colsample_bynode=None,
              colsample_bytree=None, device=None, early_stopping_rounds=None,
              enable_categorical=False, eval_metric=None, feature_types=None,
              feature_weights=None, force_col_wise=True, gamma=None,
              grow_policy=None, importance_type=None,
              interaction_constraints=None, learning_rate=None, max_bin=None,
              max_cat_threshold=None, max_cat_to_onehot=None,
              max_delta_step=None, max_depth=None, max_leaves=None,
              min_child_weight=None, missing=nan, monotone_constraints=None,
              multi_strategy=None, n_estimators=None, n_jobs=1, ...)}",0.6616766467065869,0.6666666666666666,0.6320474777448071,0.6215022091310751,0.6403641881638846,0.644451437682604,0.01724792826174372,13
1.4785983562469482,0.21292514849764532,0.04601540565490723,0.008789688146187547,0.8,3.0,200,1.0,6.0,0.05,0.1,logloss,0.8,"XGBClassifier(base_score=None, booster=None, callbacks=None,
              colsample_bylevel=None, colsample_bynode=None,
              colsample_bytree=None, device=None, early_stopping_rounds=None,
              enable_categorical=False, eval_metric=None, feature_types=None,
              feature_weights=None, force_col_wise=True, gamma=None,
              grow_policy=None, importance_type=None,
              interaction_constraints=None, learning_rate=None, max_bin=None,
              max_cat_threshold=None, max_cat_to_onehot=None,
              max_delta_step=None, max_depth=None, max_leaves=None,
              min_child_weight=None, missing=nan, monotone_constraints=None,
              multi_strategy=None, n_estimators=None, n_jobs=1, ...)",,,,,,,"{'model__subsample': 0.8, 'model__scale_pos_weight': 3, 'model__n_estimators': 200, 'model__min_child_samples': 1, 'model__max_depth': 6, 'model__learning_rate': 0.05, 'model__gamma': 0.1, 'model__eval_metric': 'logloss', 'model__colsample_bytree': 0.8, 'model': XGBClassifier(base_score=None, booster=None, callbacks=None,
              colsample_bylevel=None, colsample_bynode=None,
              colsample_bytree=None, device=None, early_stopping_rounds=None,
              enable_categorical=False, eval_metric=None, feature_types=None,
              feature_weights=None, force_col_wise=True, gamma=None,
              grow_policy=None, importance_type=None,
              interaction_constraints=None, learning_rate=None, max_bin=None,
              max_cat_threshold=None, max_cat_to_onehot=None,
              max_delta_step=None, max_depth=None, max_leaves=None,
              min_child_weight=None, missing=nan, monotone_constraints=None,
              multi_strategy=None, n_estimators=None, n_jobs=1, ...)}",0.6584615384615384,0.6666666666666666,0.6391437308868502,0.6126126126126126,0.6460587326120556,0.6445886562479446,0.018623485754467727,9
33.76633768081665,2.0032836696450955,0.08722262382507324,0.056850908509268626,,,1000,,,0.01,,,,<catboost.core.CatBoostClassifier object at 0x000002377CE78D60>,,,5.0,6.0,128.0,Balanced,"{'model__n_estimators': 1000, 'model__learning_rate': 0.01, 'model__l2_leaf_reg': 5, 'model__depth': 6, 'model__border_count': 128, 'model__auto_class_weights': 'Balanced', 'model': <catboost.core.CatBoostClassifier object at 0x000002377CE78D60>}",0.6772793053545586,0.6685878962536023,0.6340057636887608,0.638728323699422,0.6351550960118169,0.6507512770016322,0.018385242768694535,2
0.3183600425720215,0.04494165579538587,0.038507938385009766,0.010826912046368833,0.8,1.0,100,1.0,3.0,0.05,0.0,logloss,0.8,"XGBClassifier(base_score=None, booster=None, callbacks=None,
              colsample_bylevel=None, colsample_bynode=None,
              colsample_bytree=None, device=None, early_stopping_rounds=None,
              enable_categorical=False, eval_metric=None, feature_types=None,
              feature_weights=None, force_col_wise=True, gamma=None,
              grow_policy=None, importance_type=None,
              interaction_constraints=None, learning_rate=None, max_bin=None,
              max_cat_threshold=None, max_cat_to_onehot=None,
              max_delta_step=None, max_depth=None, max_leaves=None,
              min_child_weight=None, missing=nan, monotone_constraints=None,
              multi_strategy=None, n_estimators=None, n_jobs=1, ...)",,,,,,,"{'model__subsample': 0.8, 'model__scale_pos_weight': 1, 'model__n_estimators': 100, 'model__min_child_samples': 1, 'model__max_depth': 3, 'model__learning_rate': 0.05, 'model__gamma': 0, 'model__eval_metric': 'logloss', 'model__colsample_bytree': 0.8, 'model': XGBClassifier(base_score=None, booster=None, callbacks=None,
              colsample_bylevel=None, colsample_bynode=None,
              colsample_bytree=None, device=None, early_stopping_rounds=None,
              enable_categorical=False, eval_metric=None, feature_types=None,
              feature_weights=None, force_col_wise=True, gamma=None,
              grow_policy=None, importance_type=None,
              interaction_constraints=None, learning_rate=None, max_bin=None,
              max_cat_threshold=None, max_cat_to_onehot=None,
              max_delta_step=None, max_depth=None, max_leaves=None,
              min_child_weight=None, missing=nan, monotone_constraints=None,
              multi_strategy=None, n_estimators=None, n_jobs=1, ...)}",0.6415841584158416,0.6435452793834296,0.5590551181102362,0.601980198019802,0.6015625,0.609545450785862,0.031153495398181342,28
0.35396909713745117,0.06393366473471468,0.03830981254577637,0.004819390898089069,0.8,1.0,100,1.0,3.0,0.1,1.0,logloss,0.8,"XGBClassifier(base_score=None, booster=None, callbacks=None,
              colsample_bylevel=None, colsample_bynode=None,
              colsample_bytree=None, device=None, early_stopping_rounds=None,
              enable_categorical=False, eval_metric=None, feature_types=None,
              feature_weights=None, force_col_wise=True, gamma=None,
              grow_policy=None, importance_type=None,
              interaction_constraints=None, learning_rate=None, max_bin=None,
              max_cat_threshold=None, max_cat_to_onehot=None,
              max_delta_step=None, max_depth=None, max_leaves=None,
              min_child_weight=None, missing=nan, monotone_constraints=None,
              multi_strategy=None, n_estimators=None, n_jobs=1, ...)",,,,,,,"{'model__subsample': 0.8, 'model__scale_pos_weight': 1, 'model__n_estimators': 100, 'model__min_child_samples': 1, 'model__max_depth': 3, 'model__learning_rate': 0.1, 'model__gamma': 1, 'model__eval_metric': 'logloss', 'model__colsample_bytree': 0.8, 'model': XGBClassifier(base_score=None, booster=None, callbacks=None,
              colsample_bylevel=None, colsample_bynode=None,
              colsample_bytree=None, device=None, early_stopping_rounds=None,
              enable_categorical=False, eval_metric=None, feature_types=None,
              feature_weights=None, force_col_wise=True, gamma=None,
              grow_policy=None, importance_type=None,
              interaction_constraints=None, learning_rate=None, max_bin=None,
              max_cat_threshold=None, max_cat_to_onehot=None,
              max_delta_step=None, max_depth=None, max_leaves=None,
              min_child_weight=None, missing=nan, monotone_constraints=None,
              multi_strategy=None, n_estimators=None, n_jobs=1, ...)}",0.6377952755905512,0.6242774566473989,0.5769230769230769,0.5964912280701754,0.6042065009560229,0.6079387076374451,0.02128526660821835,30
22.46052384376526,0.8394973790176409,0.0575164794921875,0.006259805648815657,,,1000,,,0.05,,,,<catboost.core.CatBoostClassifier object at 0x000002377CE78D60>,,,3.0,4.0,128.0,Balanced,"{'model__n_estimators': 1000, 'model__learning_rate': 0.05, 'model__l2_leaf_reg': 3, 'model__depth': 4, 'model__border_count': 128, 'model__auto_class_weights': 'Balanced', 'model': <catboost.core.CatBoostClassifier object at 0x000002377CE78D60>}",0.6666666666666666,0.6502177068214804,0.6240928882438317,0.6140350877192983,0.6289120715350224,0.6367848841972599,0.01904721936392771,19
0.3413499355316162,0.010305674113375275,0.03810968399047852,0.0028522856079797377,0.8,3.0,100,1.0,3.0,0.05,0.0,logloss,0.8,"XGBClassifier(base_score=None, booster=None, callbacks=None,
              colsample_bylevel=None, colsample_bynode=None,
              colsample_bytree=None, device=None, early_stopping_rounds=None,
              enable_categorical=False, eval_metric=None, feature_types=None,
              feature_weights=None, force_col_wise=True, gamma=None,
              grow_policy=None, importance_type=None,
              interaction_constraints=None, learning_rate=None, max_bin=None,
              max_cat_threshold=None, max_cat_to_onehot=None,
              max_delta_step=None, max_depth=None, max_leaves=None,
              min_child_weight=None, missing=nan, monotone_constraints=None,
              multi_strategy=None, n_estimators=None, n_jobs=1, ...)",,,,,,,"{'model__subsample': 0.8, 'model__scale_pos_weight': 3, 'model__n_estimators': 100, 'model__min_child_samples': 1, 'model__max_depth': 3, 'model__learning_rate': 0.05, 'model__gamma': 0, 'model__eval_metric': 'logloss', 'model__colsample_bytree': 0.8, 'model': XGBClassifier(base_score=None, booster=None, callbacks=None,
              colsample_bylevel=None, colsample_bynode=None,
              colsample_bytree=None, device=None, early_stopping_rounds=None,
              enable_categorical=False, eval_metric=None, feature_types=None,
              feature_weights=None, force_col_wise=True, gamma=None,
              grow_policy=None, importance_type=None,
              interaction_constraints=None, learning_rate=None, max_bin=None,
              max_cat_threshold=None, max_cat_to_onehot=None,
              max_delta_step=None, max_depth=None, max_leaves=None,
              min_child_weight=None, missing=nan, monotone_constraints=None,
              multi_strategy=None, n_estimators=None, n_jobs=1, ...)}",0.6573816155988857,0.6574585635359116,0.6276150627615062,0.640218878248974,0.6397774687065368,0.6444903177703629,0.011485567739006894,10
0.5196800708770752,0.0017992409451974532,0.03940434455871582,0.00037514802117633717,0.8,1.0,200,1.0,3.0,0.05,1.0,logloss,0.8,"XGBClassifier(base_score=None, booster=None, callbacks=None,
              colsample_bylevel=None, colsample_bynode=None,
              colsample_bytree=None, device=None, early_stopping_rounds=None,
              enable_categorical=False, eval_metric=None, feature_types=None,
              feature_weights=None, force_col_wise=True, gamma=None,
              grow_policy=None, importance_type=None,
              interaction_constraints=None, learning_rate=None, max_bin=None,
              max_cat_threshold=None, max_cat_to_onehot=None,
              max_delta_step=None, max_depth=None, max_leaves=None,
              min_child_weight=None, missing=nan, monotone_constraints=None,
              multi_strategy=None, n_estimators=None, n_jobs=1, ...)",,,,,,,"{'model__subsample': 0.8, 'model__scale_pos_weight': 1, 'model__n_estimators': 200, 'model__min_child_samples': 1, 'model__max_depth': 3, 'model__learning_rate': 0.05, 'model__gamma': 1, 'model__eval_metric': 'logloss', 'model__colsample_bytree': 0.8, 'model': XGBClassifier(base_score=None, booster=None, callbacks=None,
              colsample_bylevel=None, colsample_bynode=None,
              colsample_bytree=None, device=None, early_stopping_rounds=None,
              enable_categorical=False, eval_metric=None, feature_types=None,
              feature_weights=None, force_col_wise=True, gamma=None,
              grow_policy=None, importance_type=None,
              interaction_constraints=None, learning_rate=None, max_bin=None,
              max_cat_threshold=None, max_cat_to_onehot=None,
              max_delta_step=None, max_depth=None, max_leaves=None,
              min_child_weight=None, missing=nan, monotone_constraints=None,
              multi_strategy=None, n_estimators=None, n_jobs=1, ...)}",0.6442687747035574,0.6384615384615384,0.5753424657534246,0.6112185686653772,0.6019417475728155,0.6142466190313426,0.025146786065495554,23
1.339306688308716,0.05911438802064481,0.045904684066772464,0.004033818580855199,0.8,1.0,200,5.0,6.0,0.05,0.1,logloss,0.8,"XGBClassifier(base_score=None, booster=None, callbacks=None,
              colsample_bylevel=None, colsample_bynode=None,
              colsample_bytree=None, device=None, early_stopping_rounds=None,
              enable_categorical=False, eval_metric=None, feature_types=None,
              feature_weights=None, force_col_wise=True, gamma=None,
              grow_policy=None, importance_type=None,
              interaction_constraints=None, learning_rate=None, max_bin=None,
              max_cat_threshold=None, max_cat_to_onehot=None,
              max_delta_step=None, max_depth=None, max_leaves=None,
              min_child_weight=None, missing=nan, monotone_constraints=None,
              multi_strategy=None, n_estimators=None, n_jobs=1, ...)",,,,,,,"{'model__subsample': 0.8, 'model__scale_pos_weight': 1, 'model__n_estimators': 200, 'model__min_child_samples': 5, 'model__max_depth': 6, 'model__learning_rate': 0.05, 'model__gamma': 0.1, 'model__eval_metric': 'logloss', 'model__colsample_bytree': 0.8, 'model': XGBClassifier(base_score=None, booster=None, callbacks=None,
              colsample_bylevel=None, colsample_bynode=None,
              colsample_bytree=None, device=None, early_stopping_rounds=None,
              enable_categorical=False, eval_metric=None, feature_types=None,
              feature_weights=None, force_col_wise=True, gamma=None,
              grow_policy=None, importance_type=None,
              interaction_constraints=None, learning_rate=None, max_bin=None,
              max_cat_threshold=None, max_cat_to_onehot=None,
              max_delta_step=None, max_depth=None, max_leaves=None,
              min_child_weight=None, missing=nan, monotone_constraints=None,
              multi_strategy=None, n_estimators=None, n_jobs=1, ...)}",0.6138613861386139,0.6212121212121212,0.5609284332688588,0.5945945945945946,0.5731225296442688,0.5927438129716915,0.023052266735392988,35
24.61811137199402,1.5658831227677137,0.04771270751953125,0.01859175019451936,,,1000,,,0.01,,,,<catboost.core.CatBoostClassifier object at 0x000002377CE78D60>,,,3.0,6.0,128.0,Balanced,"{'model__n_estimators': 1000, 'model__learning_rate': 0.01, 'model__l2_leaf_reg': 3, 'model__depth': 6, 'model__border_count': 128, 'model__auto_class_weights': 'Balanced', 'model': <catboost.core.CatBoostClassifier object at 0x000002377CE78D60>}",0.6792452830188679,0.6685962373371924,0.62882096069869,0.6454413892908828,0.6329866270430906,0.6510180994777447,0.019772260801013925,1
1.342965030670166,0.07510344516421552,0.07991914749145508,0.0044526244213548795,,,250,,6.0,,,,,"RandomForestClassifier(n_jobs=1, random_state=42, verbose=1)",1.0,balanced,,,,,"{'model__n_estimators': 250, 'model__min_samples_leaf': 1, 'model__max_depth': 6, 'model__class_weight': 'balanced', 'model': RandomForestClassifier(n_jobs=1, random_state=42, verbose=1)}",0.6402266288951841,0.6293333333333333,0.6070460704607046,0.6149659863945578,0.6403385049365303,0.626382104804062,0.013411723867322395,20
0.33156704902648926,0.010313603916072354,0.037905216217041016,0.0033485314288552374,0.8,1.0,100,1.0,3.0,0.1,0.0,logloss,0.8,"XGBClassifier(base_score=None, booster=None, callbacks=None,
              colsample_bylevel=None, colsample_bynode=None,
              colsample_bytree=None, device=None, early_stopping_rounds=None,
              enable_categorical=False, eval_metric=None, feature_types=None,
              feature_weights=None, force_col_wise=True, gamma=None,
              grow_policy=None, importance_type=None,
              interaction_constraints=None, learning_rate=None, max_bin=None,
              max_cat_threshold=None, max_cat_to_onehot=None,
              max_delta_step=None, max_depth=None, max_leaves=None,
              min_child_weight=None, missing=nan, monotone_constraints=None,
              multi_strategy=None, n_estimators=None, n_jobs=1, ...)",,,,,,,"{'model__subsample': 0.8, 'model__scale_pos_weight': 1, 'model__n_estimators': 100, 'model__min_child_samples': 1, 'model__max_depth': 3, 'model__learning_rate': 0.1, 'model__gamma': 0, 'model__eval_metric': 'logloss', 'model__colsample_bytree': 0.8, 'model': XGBClassifier(base_score=None, booster=None, callbacks=None,
              colsample_bylevel=None, colsample_bynode=None,
              colsample_bytree=None, device=None, early_stopping_rounds=None,
              enable_categorical=False, eval_metric=None, feature_types=None,
              feature_weights=None, force_col_wise=True, gamma=None,
              grow_policy=None, importance_type=None,
              interaction_constraints=None, learning_rate=None, max_bin=None,
              max_cat_threshold=None, max_cat_to_onehot=None,
              max_delta_step=None, max_depth=None, max_leaves=None,
              min_child_weight=None, missing=nan, monotone_constraints=None,
              multi_strategy=None, n_estimators=None, n_jobs=1, ...)}",0.6365422396856582,0.6398467432950191,0.573076923076923,0.5980582524271845,0.6068702290076335,0.6108788774984837,0.024928581410052008,25
0.49504990577697755,0.026919907844140722,0.03796629905700684,0.0025579192903569577,0.8,1.0,200,1.0,3.0,0.05,0.1,logloss,0.8,"XGBClassifier(base_score=None, booster=None, callbacks=None,
              colsample_bylevel=None, colsample_bynode=None,
              colsample_bytree=None, device=None, early_stopping_rounds=None,
              enable_categorical=False, eval_metric=None, feature_types=None,
              feature_weights=None, force_col_wise=True, gamma=None,
              grow_policy=None, importance_type=None,
              interaction_constraints=None, learning_rate=None, max_bin=None,
              max_cat_threshold=None, max_cat_to_onehot=None,
              max_delta_step=None, max_depth=None, max_leaves=None,
              min_child_weight=None, missing=nan, monotone_constraints=None,
              multi_strategy=None, n_estimators=None, n_jobs=1, ...)",,,,,,,"{'model__subsample': 0.8, 'model__scale_pos_weight': 1, 'model__n_estimators': 200, 'model__min_child_samples': 1, 'model__max_depth': 3, 'model__learning_rate': 0.05, 'model__gamma': 0.1, 'model__eval_metric': 'logloss', 'model__colsample_bytree': 0.8, 'model': XGBClassifier(base_score=None, booster=None, callbacks=None,
              colsample_bylevel=None, colsample_bynode=None,
              colsample_bytree=None, device=None, early_stopping_rounds=None,
              enable_categorical=False, eval_metric=None, feature_types=None,
              feature_weights=None, force_col_wise=True, gamma=None,
              grow_policy=None, importance_type=None,
              interaction_constraints=None, learning_rate=None, max_bin=None,
              max_cat_threshold=None, max_cat_to_onehot=None,
              max_delta_step=None, max_depth=None, max_leaves=None,
              min_child_weight=None, missing=nan, monotone_constraints=None,
              multi_strategy=None, n_estimators=None, n_jobs=1, ...)}",0.6429980276134122,0.6473988439306358,0.5686274509803921,0.6150870406189555,0.598825831702544,0.6145874389691879,0.02913674039429284,22
0.8758844375610352,0.08999860715621522,0.046210193634033205,0.009026120492808518,0.8,1.0,100,1.0,6.0,0.1,0.1,logloss,0.8,"XGBClassifier(base_score=None, booster=None, callbacks=None,
              colsample_bylevel=None, colsample_bynode=None,
              colsample_bytree=None, device=None, early_stopping_rounds=None,
              enable_categorical=False, eval_metric=None, feature_types=None,
              feature_weights=None, force_col_wise=True, gamma=None,
              grow_policy=None, importance_type=None,
              interaction_constraints=None, learning_rate=None, max_bin=None,
              max_cat_threshold=None, max_cat_to_onehot=None,
              max_delta_step=None, max_depth=None, max_leaves=None,
              min_child_weight=None, missing=nan, monotone_constraints=None,
              multi_strategy=None, n_estimators=None, n_jobs=1, ...)",,,,,,,"{'model__subsample': 0.8, 'model__scale_pos_weight': 1, 'model__n_estimators': 100, 'model__min_child_samples': 1, 'model__max_depth': 6, 'model__learning_rate': 0.1, 'model__gamma': 0.1, 'model__eval_metric': 'logloss', 'model__colsample_bytree': 0.8, 'model': XGBClassifier(base_score=None, booster=None, callbacks=None,
              colsample_bylevel=None, colsample_bynode=None,
              colsample_bytree=None, device=None, early_stopping_rounds=None,
              enable_categorical=False, eval_metric=None, feature_types=None,
              feature_weights=None, force_col_wise=True, gamma=None,
              grow_policy=None, importance_type=None,
              interaction_constraints=None, learning_rate=None, max_bin=None,
              max_cat_threshold=None, max_cat_to_onehot=None,
              max_delta_step=None, max_depth=None, max_leaves=None,
              min_child_weight=None, missing=nan, monotone_constraints=None,
              multi_strategy=None, n_estimators=None, n_jobs=1, ...)}",0.6043737574552683,0.6180422264875239,0.573076923076923,0.5857418111753372,0.5945945945945946,0.5951658625579295,0.015395932540920846,33
0.7415299892425538,0.09343606791603107,0.03980236053466797,0.003709449388694448,0.8,1.0,100,1.0,6.0,0.1,1.0,logloss,0.8,"XGBClassifier(base_score=None, booster=None, callbacks=None,
              colsample_bylevel=None, colsample_bynode=None,
              colsample_bytree=None, device=None, early_stopping_rounds=None,
              enable_categorical=False, eval_metric=None, feature_types=None,
              feature_weights=None, force_col_wise=True, gamma=None,
              grow_policy=None, importance_type=None,
              interaction_constraints=None, learning_rate=None, max_bin=None,
              max_cat_threshold=None, max_cat_to_onehot=None,
              max_delta_step=None, max_depth=None, max_leaves=None,
              min_child_weight=None, missing=nan, monotone_constraints=None,
              multi_strategy=None, n_estimators=None, n_jobs=1, ...)",,,,,,,"{'model__subsample': 0.8, 'model__scale_pos_weight': 1, 'model__n_estimators': 100, 'model__min_child_samples': 1, 'model__max_depth': 6, 'model__learning_rate': 0.1, 'model__gamma': 1, 'model__eval_metric': 'logloss', 'model__colsample_bytree': 0.8, 'model': XGBClassifier(base_score=None, booster=None, callbacks=None,
              colsample_bylevel=None, colsample_bynode=None,
              colsample_bytree=None, device=None, early_stopping_rounds=None,
              enable_categorical=False, eval_metric=None, feature_types=None,
              feature_weights=None, force_col_wise=True, gamma=None,
              grow_policy=None, importance_type=None,
              interaction_constraints=None, learning_rate=None, max_bin=None,
              max_cat_threshold=None, max_cat_to_onehot=None,
              max_delta_step=None, max_depth=None, max_leaves=None,
              min_child_weight=None, missing=nan, monotone_constraints=None,
              multi_strategy=None, n_estimators=None, n_jobs=1, ...)}",0.6078431372549019,0.6142034548944337,0.5697674418604651,0.5849802371541502,0.5870841487279843,0.5927756839783871,0.016178499836038772,34
1.4711617946624755,0.10251597045789415,0.04971556663513184,0.006548420629938198,0.8,1.0,200,5.0,6.0,0.05,0.0,logloss,0.8,"XGBClassifier(base_score=None, booster=None, callbacks=None,
              colsample_bylevel=None, colsample_bynode=None,
              colsample_bytree=None, device=None, early_stopping_rounds=None,
              enable_categorical=False, eval_metric=None, feature_types=None,
              feature_weights=None, force_col_wise=True, gamma=None,
              grow_policy=None, importance_type=None,
              interaction_constraints=None, learning_rate=None, max_bin=None,
              max_cat_threshold=None, max_cat_to_onehot=None,
              max_delta_step=None, max_depth=None, max_leaves=None,
              min_child_weight=None, missing=nan, monotone_constraints=None,
              multi_strategy=None, n_estimators=None, n_jobs=1, ...)",,,,,,,"{'model__subsample': 0.8, 'model__scale_pos_weight': 1, 'model__n_estimators': 200, 'model__min_child_samples': 5, 'model__max_depth': 6, 'model__learning_rate': 0.05, 'model__gamma': 0, 'model__eval_metric': 'logloss', 'model__colsample_bytree': 0.8, 'model': XGBClassifier(base_score=None, booster=None, callbacks=None,
              colsample_bylevel=None, colsample_bynode=None,
              colsample_bytree=None, device=None, early_stopping_rounds=None,
              enable_categorical=False, eval_metric=None, feature_types=None,
              feature_weights=None, force_col_wise=True, gamma=None,
              grow_policy=None, importance_type=None,
              interaction_constraints=None, learning_rate=None, max_bin=None,
              max_cat_threshold=None, max_cat_to_onehot=None,
              max_delta_step=None, max_depth=None, max_leaves=None,
              min_child_weight=None, missing=nan, monotone_constraints=None,
              multi_strategy=None, n_estimators=None, n_jobs=1, ...)}",0.610236220472441,0.6015625,0.5549132947976878,0.5849802371541502,0.5776031434184676,0.5858590791685493,0.01932571785307416,37
0.34576077461242677,0.03820854547087992,0.03930373191833496,0.004978482653285381,0.8,1.0,100,1.0,3.0,0.05,0.1,logloss,0.8,"XGBClassifier(base_score=None, booster=None, callbacks=None,
              colsample_bylevel=None, colsample_bynode=None,
              colsample_bytree=None, device=None, early_stopping_rounds=None,
              enable_categorical=False, eval_metric=None, feature_types=None,
              feature_weights=None, force_col_wise=True, gamma=None,
              grow_policy=None, importance_type=None,
              interaction_constraints=None, learning_rate=None, max_bin=None,
              max_cat_threshold=None, max_cat_to_onehot=None,
              max_delta_step=None, max_depth=None, max_leaves=None,
              min_child_weight=None, missing=nan, monotone_constraints=None,
              multi_strategy=None, n_estimators=None, n_jobs=1, ...)",,,,,,,"{'model__subsample': 0.8, 'model__scale_pos_weight': 1, 'model__n_estimators': 100, 'model__min_child_samples': 1, 'model__max_depth': 3, 'model__learning_rate': 0.05, 'model__gamma': 0.1, 'model__eval_metric': 'logloss', 'model__colsample_bytree': 0.8, 'model': XGBClassifier(base_score=None, booster=None, callbacks=None,
              colsample_bylevel=None, colsample_bynode=None,
              colsample_bytree=None, device=None, early_stopping_rounds=None,
              enable_categorical=False, eval_metric=None, feature_types=None,
              feature_weights=None, force_col_wise=True, gamma=None,
              grow_policy=None, importance_type=None,
              interaction_constraints=None, learning_rate=None, max_bin=None,
              max_cat_threshold=None, max_cat_to_onehot=None,
              max_delta_step=None, max_depth=None, max_leaves=None,
              min_child_weight=None, missing=nan, monotone_constraints=None,
              multi_strategy=None, n_estimators=None, n_jobs=1, ...)}",0.6415841584158416,0.6435452793834296,0.5590551181102362,0.601980198019802,0.6015625,0.609545450785862,0.031153495398181342,28
1.244371223449707,0.07727033735650489,0.04341535568237305,0.0021005877288391077,0.8,3.0,200,5.0,6.0,0.1,1.0,logloss,0.8,"XGBClassifier(base_score=None, booster=None, callbacks=None,
              colsample_bylevel=None, colsample_bynode=None,
              colsample_bytree=None, device=None, early_stopping_rounds=None,
              enable_categorical=False, eval_metric=None, feature_types=None,
              feature_weights=None, force_col_wise=True, gamma=None,
              grow_policy=None, importance_type=None,
              interaction_constraints=None, learning_rate=None, max_bin=None,
              max_cat_threshold=None, max_cat_to_onehot=None,
              max_delta_step=None, max_depth=None, max_leaves=None,
              min_child_weight=None, missing=nan, monotone_constraints=None,
              multi_strategy=None, n_estimators=None, n_jobs=1, ...)",,,,,,,"{'model__subsample': 0.8, 'model__scale_pos_weight': 3, 'model__n_estimators': 200, 'model__min_child_samples': 5, 'model__max_depth': 6, 'model__learning_rate': 0.1, 'model__gamma': 1, 'model__eval_metric': 'logloss', 'model__colsample_bytree': 0.8, 'model': XGBClassifier(base_score=None, booster=None, callbacks=None,
              colsample_bylevel=None, colsample_bynode=None,
              colsample_bytree=None, device=None, early_stopping_rounds=None,
              enable_categorical=False, eval_metric=None, feature_types=None,
              feature_weights=None, force_col_wise=True, gamma=None,
              grow_policy=None, importance_type=None,
              interaction_constraints=None, learning_rate=None, max_bin=None,
              max_cat_threshold=None, max_cat_to_onehot=None,
              max_delta_step=None, max_depth=None, max_leaves=None,
              min_child_weight=None, missing=nan, monotone_constraints=None,
              multi_strategy=None, n_estimators=None, n_jobs=1, ...)}",0.6312399355877617,0.6537842190016103,0.6151315789473685,0.6189683860232945,0.5980066445182725,0.6234261528156615,0.018533701337146605,21
0.5538057804107666,0.04985735433773547,0.042411279678344724,0.00331564136729126,0.8,3.0,200,1.0,3.0,0.1,1.0,logloss,0.8,"XGBClassifier(base_score=None, booster=None, callbacks=None,
              colsample_bylevel=None, colsample_bynode=None,
              colsample_bytree=None, device=None, early_stopping_rounds=None,
              enable_categorical=False, eval_metric=None, feature_types=None,
              feature_weights=None, force_col_wise=True, gamma=None,
              grow_policy=None, importance_type=None,
              interaction_constraints=None, learning_rate=None, max_bin=None,
              max_cat_threshold=None, max_cat_to_onehot=None,
              max_delta_step=None, max_depth=None, max_leaves=None,
              min_child_weight=None, missing=nan, monotone_constraints=None,
              multi_strategy=None, n_estimators=None, n_jobs=1, ...)",,,,,,,"{'model__subsample': 0.8, 'model__scale_pos_weight': 3, 'model__n_estimators': 200, 'model__min_child_samples': 1, 'model__max_depth': 3, 'model__learning_rate': 0.1, 'model__gamma': 1, 'model__eval_metric': 'logloss', 'model__colsample_bytree': 0.8, 'model': XGBClassifier(base_score=None, booster=None, callbacks=None,
              colsample_bylevel=None, colsample_bynode=None,
              colsample_bytree=None, device=None, early_stopping_rounds=None,
              enable_categorical=False, eval_metric=None, feature_types=None,
              feature_weights=None, force_col_wise=True, gamma=None,
              grow_policy=None, importance_type=None,
              interaction_constraints=None, learning_rate=None, max_bin=None,
              max_cat_threshold=None, max_cat_to_onehot=None,
              max_delta_step=None, max_depth=None, max_leaves=None,
              min_child_weight=None, missing=nan, monotone_constraints=None,
              multi_strategy=None, n_estimators=None, n_jobs=1, ...)}",0.6609195402298851,0.6488011283497884,0.6271676300578035,0.6372688477951636,0.6308139534883721,0.6409942199842026,0.012382705826978634,16
1.3680231094360351,0.08375292793377676,0.04430732727050781,0.001163839746617903,0.8,1.0,200,1.0,6.0,0.1,0.0,logloss,0.8,"XGBClassifier(base_score=None, booster=None, callbacks=None,
              colsample_bylevel=None, colsample_bynode=None,
              colsample_bytree=None, device=None, early_stopping_rounds=None,
              enable_categorical=False, eval_metric=None, feature_types=None,
              feature_weights=None, force_col_wise=True, gamma=None,
              grow_policy=None, importance_type=None,
              interaction_constraints=None, learning_rate=None, max_bin=None,
              max_cat_threshold=None, max_cat_to_onehot=None,
              max_delta_step=None, max_depth=None, max_leaves=None,
              min_child_weight=None, missing=nan, monotone_constraints=None,
              multi_strategy=None, n_estimators=None, n_jobs=1, ...)",,,,,,,"{'model__subsample': 0.8, 'model__scale_pos_weight': 1, 'model__n_estimators': 200, 'model__min_child_samples': 1, 'model__max_depth': 6, 'model__learning_rate': 0.1, 'model__gamma': 0, 'model__eval_metric': 'logloss', 'model__colsample_bytree': 0.8, 'model': XGBClassifier(base_score=None, booster=None, callbacks=None,
              colsample_bylevel=None, colsample_bynode=None,
              colsample_bytree=None, device=None, early_stopping_rounds=None,
              enable_categorical=False, eval_metric=None, feature_types=None,
              feature_weights=None, force_col_wise=True, gamma=None,
              grow_policy=None, importance_type=None,
              interaction_constraints=None, learning_rate=None, max_bin=None,
              max_cat_threshold=None, max_cat_to_onehot=None,
              max_delta_step=None, max_depth=None, max_leaves=None,
              min_child_weight=None, missing=nan, monotone_constraints=None,
              multi_strategy=None, n_estimators=None, n_jobs=1, ...)}",0.5691382765531062,0.6105675146771037,0.5472061657032755,0.5604606525911708,0.5953307392996109,0.5765406697648535,0.023172260976906552,39
1.2754999160766602,0.12796064077576885,0.06861362457275391,0.029988671818585746,0.8,1.0,200,1.0,6.0,0.1,1.0,logloss,0.8,"XGBClassifier(base_score=None, booster=None, callbacks=None,
              colsample_bylevel=None, colsample_bynode=None,
              colsample_bytree=None, device=None, early_stopping_rounds=None,
              enable_categorical=False, eval_metric=None, feature_types=None,
              feature_weights=None, force_col_wise=True, gamma=None,
              grow_policy=None, importance_type=None,
              interaction_constraints=None, learning_rate=None, max_bin=None,
              max_cat_threshold=None, max_cat_to_onehot=None,
              max_delta_step=None, max_depth=None, max_leaves=None,
              min_child_weight=None, missing=nan, monotone_constraints=None,
              multi_strategy=None, n_estimators=None, n_jobs=1, ...)",,,,,,,"{'model__subsample': 0.8, 'model__scale_pos_weight': 1, 'model__n_estimators': 200, 'model__min_child_samples': 1, 'model__max_depth': 6, 'model__learning_rate': 0.1, 'model__gamma': 1, 'model__eval_metric': 'logloss', 'model__colsample_bytree': 0.8, 'model': XGBClassifier(base_score=None, booster=None, callbacks=None,
              colsample_bylevel=None, colsample_bynode=None,
              colsample_bytree=None, device=None, early_stopping_rounds=None,
              enable_categorical=False, eval_metric=None, feature_types=None,
              feature_weights=None, force_col_wise=True, gamma=None,
              grow_policy=None, importance_type=None,
              interaction_constraints=None, learning_rate=None, max_bin=None,
              max_cat_threshold=None, max_cat_to_onehot=None,
              max_delta_step=None, max_depth=None, max_leaves=None,
              min_child_weight=None, missing=nan, monotone_constraints=None,
              multi_strategy=None, n_estimators=None, n_jobs=1, ...)}",0.5949119373776908,0.6115384615384616,0.564299424184261,0.5964912280701754,0.5954198473282443,0.5925321796997667,0.015414299648492953,36
0.5395323753356933,0.07345153088909716,0.04090538024902344,0.005363971451290708,0.8,1.0,200,1.0,3.0,0.05,0.0,logloss,0.8,"XGBClassifier(base_score=None, booster=None, callbacks=None,
              colsample_bylevel=None, colsample_bynode=None,
              colsample_bytree=None, device=None, early_stopping_rounds=None,
              enable_categorical=False, eval_metric=None, feature_types=None,
              feature_weights=None, force_col_wise=True, gamma=None,
              grow_policy=None, importance_type=None,
              interaction_constraints=None, learning_rate=None, max_bin=None,
              max_cat_threshold=None, max_cat_to_onehot=None,
              max_delta_step=None, max_depth=None, max_leaves=None,
              min_child_weight=None, missing=nan, monotone_constraints=None,
              multi_strategy=None, n_estimators=None, n_jobs=1, ...)",,,,,,,"{'model__subsample': 0.8, 'model__scale_pos_weight': 1, 'model__n_estimators': 200, 'model__min_child_samples': 1, 'model__max_depth': 3, 'model__learning_rate': 0.05, 'model__gamma': 0, 'model__eval_metric': 'logloss', 'model__colsample_bytree': 0.8, 'model': XGBClassifier(base_score=None, booster=None, callbacks=None,
              colsample_bylevel=None, colsample_bynode=None,
              colsample_bytree=None, device=None, early_stopping_rounds=None,
              enable_categorical=False, eval_metric=None, feature_types=None,
              feature_weights=None, force_col_wise=True, gamma=None,
              grow_policy=None, importance_type=None,
              interaction_constraints=None, learning_rate=None, max_bin=None,
              max_cat_threshold=None, max_cat_to_onehot=None,
              max_delta_step=None, max_depth=None, max_leaves=None,
              min_child_weight=None, missing=nan, monotone_constraints=None,
              multi_strategy=None, n_estimators=None, n_jobs=1, ...)}",0.6429980276134122,0.6447876447876448,0.5686274509803921,0.6115384615384616,0.5984251968503937,0.6132753563540609,0.028612727951922885,24
0.3677846908569336,0.09768650415836137,0.04230232238769531,0.015984829332011556,0.8,3.0,100,5.0,3.0,0.05,0.0,logloss,0.8,"XGBClassifier(base_score=None, booster=None, callbacks=None,
              colsample_bylevel=None, colsample_bynode=None,
              colsample_bytree=None, device=None, early_stopping_rounds=None,
              enable_categorical=False, eval_metric=None, feature_types=None,
              feature_weights=None, force_col_wise=True, gamma=None,
              grow_policy=None, importance_type=None,
              interaction_constraints=None, learning_rate=None, max_bin=None,
              max_cat_threshold=None, max_cat_to_onehot=None,
              max_delta_step=None, max_depth=None, max_leaves=None,
              min_child_weight=None, missing=nan, monotone_constraints=None,
              multi_strategy=None, n_estimators=None, n_jobs=1, ...)",,,,,,,"{'model__subsample': 0.8, 'model__scale_pos_weight': 3, 'model__n_estimators': 100, 'model__min_child_samples': 5, 'model__max_depth': 3, 'model__learning_rate': 0.05, 'model__gamma': 0, 'model__eval_metric': 'logloss', 'model__colsample_bytree': 0.8, 'model': XGBClassifier(base_score=None, booster=None, callbacks=None,
              colsample_bylevel=None, colsample_bynode=None,
              colsample_bytree=None, device=None, early_stopping_rounds=None,
              enable_categorical=False, eval_metric=None, feature_types=None,
              feature_weights=None, force_col_wise=True, gamma=None,
              grow_policy=None, importance_type=None,
              interaction_constraints=None, learning_rate=None, max_bin=None,
              max_cat_threshold=None, max_cat_to_onehot=None,
              max_delta_step=None, max_depth=None, max_leaves=None,
              min_child_weight=None, missing=nan, monotone_constraints=None,
              multi_strategy=None, n_estimators=None, n_jobs=1, ...)}",0.6573816155988857,0.6574585635359116,0.6276150627615062,0.640218878248974,0.6397774687065368,0.6444903177703629,0.011485567739006894,10
1.9191750049591065,0.45659805282892185,0.05201520919799805,0.014311685920960587,0.8,1.0,200,5.0,6.0,0.1,0.1,logloss,0.8,"XGBClassifier(base_score=None, booster=None, callbacks=None,
              colsample_bylevel=None, colsample_bynode=None,
              colsample_bytree=None, device=None, early_stopping_rounds=None,
              enable_categorical=False, eval_metric=None, feature_types=None,
              feature_weights=None, force_col_wise=True, gamma=None,
              grow_policy=None, importance_type=None,
              interaction_constraints=None, learning_rate=None, max_bin=None,
              max_cat_threshold=None, max_cat_to_onehot=None,
              max_delta_step=None, max_depth=None, max_leaves=None,
              min_child_weight=None, missing=nan, monotone_constraints=None,
              multi_strategy=None, n_estimators=None, n_jobs=1, ...)",,,,,,,"{'model__subsample': 0.8, 'model__scale_pos_weight': 1, 'model__n_estimators': 200, 'model__min_child_samples': 5, 'model__max_depth': 6, 'model__learning_rate': 0.1, 'model__gamma': 0.1, 'model__eval_metric': 'logloss', 'model__colsample_bytree': 0.8, 'model': XGBClassifier(base_score=None, booster=None, callbacks=None,
              colsample_bylevel=None, colsample_bynode=None,
              colsample_bytree=None, device=None, early_stopping_rounds=None,
              enable_categorical=False, eval_metric=None, feature_types=None,
              feature_weights=None, force_col_wise=True, gamma=None,
              grow_policy=None, importance_type=None,
              interaction_constraints=None, learning_rate=None, max_bin=None,
              max_cat_threshold=None, max_cat_to_onehot=None,
              max_delta_step=None, max_depth=None, max_leaves=None,
              min_child_weight=None, missing=nan, monotone_constraints=None,
              multi_strategy=None, n_estimators=None, n_jobs=1, ...)}",0.5836575875486382,0.6007751937984496,0.5555555555555556,0.574757281553398,0.5769980506822612,0.5783487338276605,0.014597135916293098,38
1.3086662769317627,0.32163010303732037,0.04410653114318848,0.007072640826492958,0.8,1.0,100,5.0,6.0,0.05,0.0,logloss,0.8,"XGBClassifier(base_score=None, booster=None, callbacks=None,
              colsample_bylevel=None, colsample_bynode=None,
              colsample_bytree=None, device=None, early_stopping_rounds=None,
              enable_categorical=False, eval_metric=None, feature_types=None,
              feature_weights=None, force_col_wise=True, gamma=None,
              grow_policy=None, importance_type=None,
              interaction_constraints=None, learning_rate=None, max_bin=None,
              max_cat_threshold=None, max_cat_to_onehot=None,
              max_delta_step=None, max_depth=None, max_leaves=None,
              min_child_weight=None, missing=nan, monotone_constraints=None,
              multi_strategy=None, n_estimators=None, n_jobs=1, ...)",,,,,,,"{'model__subsample': 0.8, 'model__scale_pos_weight': 1, 'model__n_estimators': 100, 'model__min_child_samples': 5, 'model__max_depth': 6, 'model__learning_rate': 0.05, 'model__gamma': 0, 'model__eval_metric': 'logloss', 'model__colsample_bytree': 0.8, 'model': XGBClassifier(base_score=None, booster=None, callbacks=None,
              colsample_bylevel=None, colsample_bynode=None,
              colsample_bytree=None, device=None, early_stopping_rounds=None,
              enable_categorical=False, eval_metric=None, feature_types=None,
              feature_weights=None, force_col_wise=True, gamma=None,
              grow_policy=None, importance_type=None,
              interaction_constraints=None, learning_rate=None, max_bin=None,
              max_cat_threshold=None, max_cat_to_onehot=None,
              max_delta_step=None, max_depth=None, max_leaves=None,
              min_child_weight=None, missing=nan, monotone_constraints=None,
              multi_strategy=None, n_estimators=None, n_jobs=1, ...)}",0.6153846153846154,0.6305609284332688,0.5636007827788649,0.6023622047244095,0.5905511811023622,0.6004919424847042,0.022756141607163532,31
9.0724383354187,0.39217882015293637,0.03570723533630371,0.0024635337433888908,,,500,,,0.05,,,,<catboost.core.CatBoostClassifier object at 0x000002377CE78D60>,,,3.0,6.0,128.0,Balanced,"{'model__n_estimators': 500, 'model__learning_rate': 0.05, 'model__l2_leaf_reg': 3, 'model__depth': 6, 'model__border_count': 128, 'model__auto_class_weights': 'Balanced', 'model': <catboost.core.CatBoostClassifier object at 0x000002377CE78D60>}",0.6696296296296296,0.6637168141592921,0.6292466765140325,0.6149341142020498,0.6181818181818182,0.6391418105373645,0.023050750247085264,17
0.39197263717651365,0.09343025512671843,0.042205190658569335,0.011988606928368365,0.8,3.0,100,1.0,3.0,0.1,1.0,logloss,0.8,"XGBClassifier(base_score=None, booster=None, callbacks=None,
              colsample_bylevel=None, colsample_bynode=None,
              colsample_bytree=None, device=None, early_stopping_rounds=None,
              enable_categorical=False, eval_metric=None, feature_types=None,
              feature_weights=None, force_col_wise=True, gamma=None,
              grow_policy=None, importance_type=None,
              interaction_constraints=None, learning_rate=None, max_bin=None,
              max_cat_threshold=None, max_cat_to_onehot=None,
              max_delta_step=None, max_depth=None, max_leaves=None,
              min_child_weight=None, missing=nan, monotone_constraints=None,
              multi_strategy=None, n_estimators=None, n_jobs=1, ...)",,,,,,,"{'model__subsample': 0.8, 'model__scale_pos_weight': 3, 'model__n_estimators': 100, 'model__min_child_samples': 1, 'model__max_depth': 3, 'model__learning_rate': 0.1, 'model__gamma': 1, 'model__eval_metric': 'logloss', 'model__colsample_bytree': 0.8, 'model': XGBClassifier(base_score=None, booster=None, callbacks=None,
              colsample_bylevel=None, colsample_bynode=None,
              colsample_bytree=None, device=None, early_stopping_rounds=None,
              enable_categorical=False, eval_metric=None, feature_types=None,
              feature_weights=None, force_col_wise=True, gamma=None,
              grow_policy=None, importance_type=None,
              interaction_constraints=None, learning_rate=None, max_bin=None,
              max_cat_threshold=None, max_cat_to_onehot=None,
              max_delta_step=None, max_depth=None, max_leaves=None,
              min_child_weight=None, missing=nan, monotone_constraints=None,
              multi_strategy=None, n_estimators=None, n_jobs=1, ...)}",0.6657183499288762,0.6509695290858726,0.6320224719101124,0.6422535211267606,0.6419400855920114,0.6465807915287266,0.011293478203858747,7
1.043503761291504,0.1809227733611601,0.0457150936126709,0.007595474390887911,0.8,3.0,100,1.0,6.0,0.05,1.0,logloss,0.8,"XGBClassifier(base_score=None, booster=None, callbacks=None,
              colsample_bylevel=None, colsample_bynode=None,
              colsample_bytree=None, device=None, early_stopping_rounds=None,
              enable_categorical=False, eval_metric=None, feature_types=None,
              feature_weights=None, force_col_wise=True, gamma=None,
              grow_policy=None, importance_type=None,
              interaction_constraints=None, learning_rate=None, max_bin=None,
              max_cat_threshold=None, max_cat_to_onehot=None,
              max_delta_step=None, max_depth=None, max_leaves=None,
              min_child_weight=None, missing=nan, monotone_constraints=None,
              multi_strategy=None, n_estimators=None, n_jobs=1, ...)",,,,,,,"{'model__subsample': 0.8, 'model__scale_pos_weight': 3, 'model__n_estimators': 100, 'model__min_child_samples': 1, 'model__max_depth': 6, 'model__learning_rate': 0.05, 'model__gamma': 1, 'model__eval_metric': 'logloss', 'model__colsample_bytree': 0.8, 'model': XGBClassifier(base_score=None, booster=None, callbacks=None,
              colsample_bylevel=None, colsample_bynode=None,
              colsample_bytree=None, device=None, early_stopping_rounds=None,
              enable_categorical=False, eval_metric=None, feature_types=None,
              feature_weights=None, force_col_wise=True, gamma=None,
              grow_policy=None, importance_type=None,
              interaction_constraints=None, learning_rate=None, max_bin=None,
              max_cat_threshold=None, max_cat_to_onehot=None,
              max_delta_step=None, max_depth=None, max_leaves=None,
              min_child_weight=None, missing=nan, monotone_constraints=None,
              multi_strategy=None, n_estimators=None, n_jobs=1, ...)}",0.6666666666666666,0.6599131693198264,0.6332842415316642,0.6301775147928994,0.6435045317220544,0.6467092248066222,0.014397508853838777,6
0.34718942642211914,0.07530761661639027,0.03599672317504883,0.0029651716679228706,0.8,1.0,100,5.0,3.0,0.1,0.0,logloss,0.8,"XGBClassifier(base_score=None, booster=None, callbacks=None,
              colsample_bylevel=None, colsample_bynode=None,
              colsample_bytree=None, device=None, early_stopping_rounds=None,
              enable_categorical=False, eval_metric=None, feature_types=None,
              feature_weights=None, force_col_wise=True, gamma=None,
              grow_policy=None, importance_type=None,
              interaction_constraints=None, learning_rate=None, max_bin=None,
              max_cat_threshold=None, max_cat_to_onehot=None,
              max_delta_step=None, max_depth=None, max_leaves=None,
              min_child_weight=None, missing=nan, monotone_constraints=None,
              multi_strategy=None, n_estimators=None, n_jobs=1, ...)",,,,,,,"{'model__subsample': 0.8, 'model__scale_pos_weight': 1, 'model__n_estimators': 100, 'model__min_child_samples': 5, 'model__max_depth': 3, 'model__learning_rate': 0.1, 'model__gamma': 0, 'model__eval_metric': 'logloss', 'model__colsample_bytree': 0.8, 'model': XGBClassifier(base_score=None, booster=None, callbacks=None,
              colsample_bylevel=None, colsample_bynode=None,
              colsample_bytree=None, device=None, early_stopping_rounds=None,
              enable_categorical=False, eval_metric=None, feature_types=None,
              feature_weights=None, force_col_wise=True, gamma=None,
              grow_policy=None, importance_type=None,
              interaction_constraints=None, learning_rate=None, max_bin=None,
              max_cat_threshold=None, max_cat_to_onehot=None,
              max_delta_step=None, max_depth=None, max_leaves=None,
              min_child_weight=None, missing=nan, monotone_constraints=None,
              multi_strategy=None, n_estimators=None, n_jobs=1, ...)}",0.6365422396856582,0.6398467432950191,0.573076923076923,0.5980582524271845,0.6068702290076335,0.6108788774984837,0.024928581410052008,25
0.6186406135559082,0.08635857680759818,0.04541010856628418,0.00815095798973921,0.8,3.0,200,1.0,3.0,0.05,1.0,logloss,0.8,"XGBClassifier(base_score=None, booster=None, callbacks=None,
              colsample_bylevel=None, colsample_bynode=None,
              colsample_bytree=None, device=None, early_stopping_rounds=None,
              enable_categorical=False, eval_metric=None, feature_types=None,
              feature_weights=None, force_col_wise=True, gamma=None,
              grow_policy=None, importance_type=None,
              interaction_constraints=None, learning_rate=None, max_bin=None,
              max_cat_threshold=None, max_cat_to_onehot=None,
              max_delta_step=None, max_depth=None, max_leaves=None,
              min_child_weight=None, missing=nan, monotone_constraints=None,
              multi_strategy=None, n_estimators=None, n_jobs=1, ...)",,,,,,,"{'model__subsample': 0.8, 'model__scale_pos_weight': 3, 'model__n_estimators': 200, 'model__min_child_samples': 1, 'model__max_depth': 3, 'model__learning_rate': 0.05, 'model__gamma': 1, 'model__eval_metric': 'logloss', 'model__colsample_bytree': 0.8, 'model': XGBClassifier(base_score=None, booster=None, callbacks=None,
              colsample_bylevel=None, colsample_bynode=None,
              colsample_bytree=None, device=None, early_stopping_rounds=None,
              enable_categorical=False, eval_metric=None, feature_types=None,
              feature_weights=None, force_col_wise=True, gamma=None,
              grow_policy=None, importance_type=None,
              interaction_constraints=None, learning_rate=None, max_bin=None,
              max_cat_threshold=None, max_cat_to_onehot=None,
              max_delta_step=None, max_depth=None, max_leaves=None,
              min_child_weight=None, missing=nan, monotone_constraints=None,
              multi_strategy=None, n_estimators=None, n_jobs=1, ...)}",0.6610407876230661,0.6592797783933518,0.6320224719101124,0.6344827586206897,0.6485714285714286,0.6470794450237297,0.012094479600985654,5
0.5327104568481446,0.07457087242949778,0.03760881423950195,0.0022229233305210636,0.8,3.0,200,5.0,3.0,0.1,0.1,logloss,0.8,"XGBClassifier(base_score=None, booster=None, callbacks=None,
              colsample_bylevel=None, colsample_bynode=None,
              colsample_bytree=None, device=None, early_stopping_rounds=None,
              enable_categorical=False, eval_metric=None, feature_types=None,
              feature_weights=None, force_col_wise=True, gamma=None,
              grow_policy=None, importance_type=None,
              interaction_constraints=None, learning_rate=None, max_bin=None,
              max_cat_threshold=None, max_cat_to_onehot=None,
              max_delta_step=None, max_depth=None, max_leaves=None,
              min_child_weight=None, missing=nan, monotone_constraints=None,
              multi_strategy=None, n_estimators=None, n_jobs=1, ...)",,,,,,,"{'model__subsample': 0.8, 'model__scale_pos_weight': 3, 'model__n_estimators': 200, 'model__min_child_samples': 5, 'model__max_depth': 3, 'model__learning_rate': 0.1, 'model__gamma': 0.1, 'model__eval_metric': 'logloss', 'model__colsample_bytree': 0.8, 'model': XGBClassifier(base_score=None, booster=None, callbacks=None,
              colsample_bylevel=None, colsample_bynode=None,
              colsample_bytree=None, device=None, early_stopping_rounds=None,
              enable_categorical=False, eval_metric=None, feature_types=None,
              feature_weights=None, force_col_wise=True, gamma=None,
              grow_policy=None, importance_type=None,
              interaction_constraints=None, learning_rate=None, max_bin=None,
              max_cat_threshold=None, max_cat_to_onehot=None,
              max_delta_step=None, max_depth=None, max_leaves=None,
              min_child_weight=None, missing=nan, monotone_constraints=None,
              multi_strategy=None, n_estimators=None, n_jobs=1, ...)}",0.6609195402298851,0.6497890295358649,0.6374269005847953,0.6278409090909091,0.6323529411764706,0.6416658641235851,0.012103872002620997,15
